{
  "timestamp": "2025-09-18T12:41:20.890Z",
  "custoTotalProducao": 132606.23376623375,
  "margemLucro": 30,
  "margemLucroValor": 39781.87012987013,
  "subtotalComLucro": 172388.1038961039,
  "impostos": 25,
  "impostosValor": 43097.02597402597,
  "precoFinal": 215485.12987012987,
  "quantidadeProduto": 100,
  "custoMaterialComQuantidade": 121697.14285714286,
  "custoMaquinasComQuantidade": 3000,
  "custoFuncoesComQuantidade": 4500,
  "custoIndiretolAlocadoComQuantidade": 3409.0909090909095
}