{
  "timestamp": "2025-10-14T12:52:17.524Z",
  "custoTotalProducao": 98.26971428571429,
  "margemLucro": 0,
  "margemLucroValor": 0,
  "subtotalComLucro": 98.26971428571429,
  "impostos": 0,
  "impostosValor": 0,
  "precoFinal": 98.26971428571429,
  "quantidadeProduto": 1,
  "custoMaterialComQuantidade": 12.169714285714285,
  "custoMaquinasComQuantidade": 40.949999999999996,
  "custoFuncoesComQuantidade": 45.15,
  "custoIndiretolAlocadoComQuantidade": 0
}