{
  "timestamp": "2025-08-21T20:19:45.797Z",
  "custoTotalProducao": 82.59404561292367,
  "margemLucro": 40,
  "margemLucroValor": 33.03761824516947,
  "subtotalComLucro": 115.63166385809313,
  "impostos": 25,
  "impostosValor": 28.907915964523283,
  "precoFinal": 144.53957982261642,
  "quantidadeProduto": 2,
  "custoMaterialComQuantidade": 29.684954703832755,
  "custoMaquinasComQuantidade": 24,
  "custoFuncoesComQuantidade": 8,
  "custoIndiretolAlocadoComQuantidade": 20.90909090909091
}