{
  "timestamp": "2025-08-18T22:09:12.438Z",
  "custoTotalProducao": 41.29702280646183,
  "margemLucro": 0,
  "margemLucroValor": 0,
  "subtotalComLucro": 41.29702280646183,
  "impostos": 0,
  "impostosValor": 0,
  "precoFinal": 41.29702280646183,
  "quantidadeProduto": 1,
  "custoMaterialComQuantidade": 14.842477351916378,
  "custoMaquinasComQuantidade": 12,
  "custoFuncoesComQuantidade": 4,
  "custoIndiretolAlocadoComQuantidade": 10.454545454545455
}