{
  "timestamp": "2025-10-28T11:16:55.319Z",
  "custoTotalProducao": 61.13636363636363,
  "margemLucro": 96.85,
  "margemLucroValor": 59.210568181818175,
  "subtotalComLucro": 120.34693181818182,
  "impostos": 80.7,
  "impostosValor": 97.11997397727274,
  "precoFinal": 217.46690579545455,
  "quantidadeProduto": 1,
  "custoMaterialComQuantidade": 0,
  "custoMaquinasComQuantidade": 0,
  "custoFuncoesComQuantidade": 0,
  "custoIndiretolAlocadoComQuantidade": 61.13636363636363
}